dfo_began,dfo_ended,threshold_type,dfo_centroid_x,dfo_centroid_y,dfo_cause,gfd_area
2/18/2000,3/1/2000,otsu,143.6978,-31.268059,Heavy rain,316.73
2/17/2000,3/11/2000,otsu,47.29567,-15.782624,"Tropical Storm, Surge",228.5
7/11/2000,8/10/2000,otsu,105.063841,11.242567,Heavy rain,4322.47
8/30/2000,9/10/2000,otsu,132.057679,43.773883,"Tropical Storm, Surge",740.33
9/1/2000,9/6/2000,std,113.483009,25.229313,Heavy rain,102.25
9/18/2000,10/21/2000,otsu,88.5453,24.084064,Heavy rain,15273.64
7/8/2001,8/10/2001,otsu,84.798732,21.055916,Heavy rain,465.08
8/6/2001,9/13/2001,std,34.427661,14.996666,Heavy rain,1384.61
8/19/2001,10/11/2001,otsu,16.260548,9.326659,Heavy rain,3913.15
8/15/2001,11/19/2001,std,105.382431,11.768371,Heavy rain,26908.55
8/20/2001,9/11/2001,otsu,83.051328,26.755588,Heavy rain,4464.14
9/7/2001,9/24/2001,std,84.869961,26.532079,Heavy rain,4077.14
8/18/2001,10/9/2001,std,-9.227085,10.549334,Heavy rain,908.0
10/1/2001,12/1/2001,std,-61.214816,-32.897203,Heavy rain,16681.2
10/26/2001,11/15/2001,std,-80.201721,22.339364,"Tropical Storm, Surge",723.48
11/1/2001,11/14/2001,std,42.508939,0.491533,Heavy rain,0.06
11/28/2001,12/7/2001,std,-89.868418,35.18328,Heavy rain,1370.75
12/17/2001,12/25/2001,std,-91.79578,34.93086,Heavy rain,4108.41
1/15/2002,4/2/2002,std,-50.481932,-11.878068,Heavy rain,3531.56
4/16/2002,4/21/2002,std,43.063067,7.310603,Heavy rain,233.31
4/26/2002,5/28/2002,std,33.544103,-0.075707,Heavy rain,3961.18
5/7/2002,6/8/2002,std,-88.288297,39.195432,Heavy rain,2879.29
5/7/2002,6/6/2002,std,64.578305,58.692261,Heavy rain,7360.0
5/6/2002,5/28/2002,std,-57.810991,-26.67674,Heavy rain,2757.81
4/23/2002,5/9/2002,std,-55.950506,-32.486429,Heavy rain,3700.46
6/8/2002,6/29/2002,std,-95.906382,47.340749,Heavy rain,871.21
6/12/2002,6/16/2002,std,-79.430735,22.001825,Heavy rain,97.99
6/19/2002,7/1/2002,std,43.255015,43.99291,Heavy rain,734.64
6/30/2002,7/13/2002,std,115.253472,29.663348,Heavy rain,8905.13
6/30/2002,7/23/2002,std,-98.359295,29.532606,Heavy rain,1059.36
6/21/2002,8/28/2002,std,89.269578,25.841781,Heavy rain,27063.5
7/5/2002,7/8/2002,std,-70.784933,7.059215,Heavy rain,2653.33
7/6/2002,7/8/2002,std,-101.73755,41.092153,Heavy rain,624.89
7/7/2002,7/9/2002,std,83.355221,27.57515,Heavy rain,36.86
7/6/2002,7/19/2002,std,120.562734,15.340286,Heavy rain,1468.63
7/12/2002,7/15/2002,std,174.757299,-36.951818,Heavy rain,79.87
7/15/2002,12/2/2002,std,105.253898,10.501685,Heavy rain,34304.45
7/19/2002,7/23/2002,std,26.177966,47.646899,Heavy rain,166.22
7/20/2002,7/31/2002,otsu,-69.306735,7.565261,Heavy rain,31375.0
7/20/2002,7/26/2002,otsu,132.379911,43.882229,Heavy rain,306.4
7/20/2002,7/28/2002,otsu,121.062794,14.669288,"Tropical Storm, Surge",975.35
7/21/2002,8/15/2002,otsu,85.306497,27.696051,Heavy rain,33386.67
7/28/2002,8/3/2002,std,18.579803,-34.013343,Heavy rain,34.62
8/5/2002,8/12/2002,otsu,116.272368,24.46072,Heavy rain,136.66
8/6/2002,8/28/2002,std,112.817215,26.778129,Heavy rain,6164.31
8/7/2002,8/28/2002,std,13.029419,48.568393,Heavy rain,1352.15
8/10/2002,8/14/2002,std,55.552555,37.523287,Heavy rain,54.79
8/14/2002,8/22/2002,std,104.67945,22.564405,Heavy rain,687.28
8/18/2002,11/26/2002,std,103.52736,16.772387,Heavy rain,56527.97
8/17/2002,9/4/2002,std,95.753361,22.418744,Heavy rain,5907.52
8/24/2002,8/29/2002,std,-72.131113,-35.862785,Heavy rain,417.35
8/31/2002,9/3/2002,std,128.621321,35.43766,Heavy rain,71.1
8/28/2002,9/6/2002,std,133.884674,45.934582,Heavy rain,413.49
9/3/2002,9/6/2002,std,73.220062,21.539107,Heavy rain,114.39
9/8/2002,9/12/2002,std,4.447589,44.034528,Heavy rain,146.01
9/6/2002,9/19/2002,std,-96.029696,29.65109,Heavy rain,806.01
9/20/2002,9/30/2002,std,105.175058,18.577824,Heavy rain,6721.21
9/21/2002,10/8/2002,std,19.773795,41.397529,Heavy rain,349.95
9/17/2002,12/2/2002,std,100.951102,14.974281,Heavy rain,35053.73
9/26/2002,9/29/2002,std,-90.011936,29.87028,"Tropical Storm, Surge",1822.29
9/29/2002,10/7/2002,std,-83.979545,22.381538,Heavy rain,1797.71
10/10/2002,10/12/2002,otsu,-89.924261,34.607325,Heavy rain,1992.91
10/12/2002,11/2/2002,std,-60.10113,-31.071974,Heavy rain,23827.39
10/12/2002,11/11/2002,std,-57.96164,-31.619618,Heavy rain,18639.97
10/24/2002,10/28/2002,std,-150.891253,60.335681,Heavy rain,1271.17
10/23/2002,11/13/2002,std,-96.029696,29.65109,Heavy rain,2691.0
10/26/2002,10/29/2002,std,108.878131,14.206227,Heavy rain,5859.86
10/28/2002,11/2/2002,otsu,113.384882,24.269423,Heavy rain,1849.23
11/19/2002,11/21/2002,std,172.869147,-43.667295,Heavy rain,33.31
11/24/2002,11/29/2002,std,-7.098795,33.109088,Heavy rain,286.74
11/22/2002,12/3/2002,std,8.642375,45.829287,Heavy rain,1540.23
12/13/2002,12/14/2002,std,4.145883,43.730782,Heavy rain,725.22
12/14/2002,12/24/2002,std,-122.478319,38.939731,Heavy rain,3539.45
12/15/2002,12/20/2002,otsu,100.517101,0.977528,Heavy rain,830.27
1/1/2003,1/6/2003,std,-92.620622,31.833155,Heavy rain,13789.06
1/1/2003,1/6/2003,std,-0.543564,51.264587,Heavy rain,4925.27
1/1/2003,1/8/2003,otsu,5.625135,49.207412,Heavy rain,5305.1
1/1/2003,2/17/2003,std,38.874709,-14.766118,Heavy rain,2012.48
1/3/2003,1/8/2003,std,-64.944989,-16.48569,Heavy rain,406.16
1/14/2003,2/6/2003,std,113.005128,-2.428747,Heavy rain,126.29
1/13/2003,1/31/2003,std,-60.978623,-29.455848,Heavy rain,8334.06
1/20/2003,2/10/2003,otsu,102.893883,2.467598,Heavy rain,1716.08
1/22/2003,1/23/2003,std,-2.498648,57.049015,Heavy rain,649.37
1/22/2003,3/6/2003,std,139.396536,-17.930109,Heavy rain,5354.18
1/23/2003,2/10/2003,otsu,-70.432286,-13.374411,Heavy rain,19134.11
1/25/2003,1/27/2003,std,15.920488,41.347305,Heavy rain,1013.22
1/26/2003,2/4/2003,std,118.21192,-22.496397,Heavy rain,3390.53
1/28/2003,2/10/2003,std,-69.309972,-15.87345,Heavy rain,3543.55
1/30/2003,2/9/2003,std,107.641486,-7.046763,Heavy rain,656.64
2/5/2003,2/12/2003,std,150.372737,-23.771908,Heavy rain,227.4
2/11/2003,2/14/2003,std,146.722097,-22.278126,Heavy rain,391.69
2/16/2003,2/17/2003,otsu,107.603981,-6.973194,Heavy rain,478.05
2/16/2003,2/22/2003,std,68.067654,27.524729,Heavy rain,7368.21
1/15/2003,7/1/2003,std,21.700514,-12.176378,Heavy rain,24966.63
2/6/2003,2/20/2003,otsu,18.014563,-10.439194,Heavy rain,13291.46
2/22/2003,3/17/2003,std,-90.065158,31.463349,Heavy rain,13490.94
2/5/2003,2/13/2003,std,-1.165927,43.302177,Heavy rain,1002.68
2/22/2003,3/24/2003,std,138.397895,-29.212829,Heavy rain,15589.81
1/27/2003,2/7/2003,std,22.223743,39.608875,Heavy rain,1157.06
1/11/2003,4/22/2003,std,-50.481932,-11.878068,Heavy rain,4622.59
1/17/2003,3/3/2003,std,26.714824,41.591029,Heavy rain,2621.4
2/4/2003,3/12/2003,std,28.31203,38.089335,Heavy rain,2158.44
3/2/2003,3/11/2003,std,124.222901,-17.970507,Heavy rain,1737.73
2/26/2003,3/7/2003,std,-88.017873,37.41102,Heavy rain,1959.52
3/5/2003,3/16/2003,std,32.664524,-21.37826,Heavy rain,797.9
2/27/2003,3/10/2003,std,-1.035382,41.834366,Heavy rain,360.38
3/7/2003,3/17/2003,std,133.126397,-14.085462,Heavy rain,6202.65
3/11/2003,3/15/2003,std,27.689975,-16.066257,Heavy rain,416.15
3/19/2003,3/31/2003,std,-81.775621,35.151636,Heavy rain,4409.32
3/26/2003,3/28/2003,std,34.90579,-19.764418,Heavy rain,178.8
4/16/2003,6/4/2003,std,47.192685,40.941743,Heavy rain,2122.38
4/28/2003,5/10/2003,std,-60.497122,-31.579077,Heavy rain,23062.27
4/14/2003,5/4/2003,std,143.695571,-4.402145,Heavy rain,545.82
5/3/2003,5/6/2003,otsu,103.543957,-1.503825,Heavy rain,247.91
5/4/2003,5/20/2003,std,44.63536,5.371116,Heavy rain,202.14
5/6/2003,5/14/2003,otsu,-85.484459,35.214217,Heavy rain,18635.0
6/11/2003,10/10/2003,std,90.853814,26.170616,Heavy rain,79213.43
6/13/2003,6/19/2003,otsu,-82.363306,38.357408,Heavy rain,3175.64
6/19/2003,7/3/2003,std,91.932656,21.923872,Heavy rain,1262.34
6/23/2003,7/28/2003,std,118.401191,28.83099,Heavy rain,14553.62
6/25/2003,6/26/2003,std,124.376833,7.043913,Heavy rain,457.28
7/1/2003,8/7/2003,std,115.717939,32.51656,Heavy rain,7778.61
7/5/2003,7/21/2003,std,-85.976116,39.788686,Heavy rain,765.06
7/2/2003,9/1/2003,std,95.503476,20.574716,Heavy rain,10302.48
7/15/2003,9/1/2003,std,72.2101,28.731898,Heavy rain,37741.14
7/19/2003,7/23/2003,std,121.26678,16.501894,"Tropical Storm, Surge",437.9
7/27/2003,10/10/2003,std,124.701838,47.943961,Heavy rain,13836.29
8/3/2003,11/2/2003,std,20.249655,10.996461,Heavy rain,6827.49
8/5/2003,10/12/2003,std,4.735272,12.394812,Heavy rain,4004.05
8/5/2003,10/12/2003,std,10.012759,12.63425,Heavy rain,726.74
8/9/2003,11/5/2003,std,-12.940183,15.939171,Heavy rain,3737.17
8/10/2003,10/19/2003,std,-3.10202,14.211698,Heavy rain,7280.71
8/24/2003,8/27/2003,std,147.481311,-41.693254,Heavy rain,59.17
8/24/2003,11/12/2003,std,107.984942,35.681249,Heavy rain,16906.43
8/27/2003,8/29/2003,otsu,44.369848,44.70018,Heavy rain,784.99
8/26/2003,8/30/2003,otsu,103.018185,30.031634,Heavy rain,6383.01
8/27/2003,10/20/2003,std,85.893641,20.625759,Heavy rain,8236.7
9/1/2003,9/9/2003,std,-86.61734,39.734374,Heavy rain,206.01
9/5/2003,10/28/2003,std,7.48686,10.514296,Heavy rain,3316.53
9/12/2003,10/12/2003,std,101.592527,17.372818,Heavy rain,10645.16
9/12/2003,9/15/2003,std,128.019188,35.234941,"Tropical Storm, Surge",125.29
9/22/2003,10/1/2003,std,-110.095624,23.605828,"Tropical Storm, Surge",3670.86
9/22/2003,9/23/2003,std,4.157209,43.723115,Heavy rain,213.19
9/22/2003,10/10/2003,std,11.923531,8.877517,Heavy rain,2171.72
10/12/2003,10/24/2003,std,-99.205473,27.63037,Heavy rain,2002.68
10/15/2003,10/22/2003,std,108.846404,14.767484,Heavy rain,1506.95
10/17/2003,11/4/2003,std,99.789967,12.559171,Heavy rain,10395.93
10/27/2003,10/31/2003,std,-53.268681,-29.928802,Heavy rain,721.56
11/10/2003,11/26/2003,std,-70.982583,19.479425,Heavy rain,224.79
11/11/2003,11/13/2003,std,-61.685982,-32.712168,Heavy rain,6032.4
11/1/2003,1/18/2004,std,-6.249491,37.091158,Heavy rain,1247.57
12/1/2003,12/10/2003,std,4.940849,44.821672,Heavy rain,2262.87
12/10/2003,1/23/2004,otsu,102.901561,-1.041628,Heavy rain,2883.13
12/19/2003,1/7/2004,std,125.765745,8.881978,Heavy rain,943.65
1/4/2004,1/16/2004,std,-85.387751,38.677006,Heavy rain,3317.15
1/10/2004,1/19/2004,std,51.439491,29.466641,Heavy rain,7017.61
1/14/2004,2/25/2004,std,141.147792,-19.171139,Heavy rain,12486.0
1/25/2004,2/6/2004,std,32.868116,-25.398999,Heavy rain,216.44
1/29/2004,2/5/2004,std,147.369055,-41.406343,Heavy rain,126.34
1/27/2004,3/1/2004,std,15.226178,-16.048042,Heavy rain,1116.13
2/1/2004,6/2/2004,std,21.427401,-14.561533,Heavy rain,30425.09
1/8/2004,2/20/2004,std,44.642355,-17.482511,Heavy rain,2680.35
1/16/2004,2/25/2004,std,46.162687,30.840634,Heavy rain,15521.55
1/24/2004,2/14/2004,std,27.983815,38.156763,Heavy rain,2304.48
2/11/2004,2/25/2004,std,125.744039,8.22929,Heavy rain,620.75
2/17/2004,2/25/2004,std,108.143784,-6.409578,Heavy rain,586.91
2/11/2004,5/5/2004,std,-50.481932,-11.878068,Heavy rain,23201.91
2/18/2004,3/10/2004,std,134.693836,-16.976898,Heavy rain,9419.23
2/20/2004,3/7/2004,std,124.624336,-17.94512,Heavy rain,2465.56
2/23/2004,4/1/2004,std,-63.676299,-12.852237,Heavy rain,7025.9
3/1/2004,3/9/2004,std,116.975387,-21.556277,"Tropical Storm, Surge",1867.44
3/5/2004,3/19/2004,std,34.557547,-19.186526,Heavy rain,396.16
3/4/2004,3/8/2004,std,-95.963498,37.156236,Heavy rain,2051.62
3/19/2004,3/27/2004,std,143.298865,-13.874954,"Tropical Storm, Surge",860.32
3/23/2004,4/3/2004,std,18.025087,45.28903,Heavy rain,1273.45
3/27/2004,4/3/2004,std,120.060096,-21.403326,"Tropical Storm, Surge",2147.65
4/12/2004,5/2/2004,std,17.774912,44.866138,Heavy rain,1722.63
4/14/2004,5/3/2004,std,91.694661,24.894242,Heavy rain,10032.44
4/24/2004,5/2/2004,std,-93.279256,35.749552,Heavy rain,2500.25
5/7/2004,5/11/2004,std,116.827676,-0.527894,Heavy rain,1173.82
5/13/2004,5/15/2004,otsu,-96.516582,30.845334,Heavy rain,323.25
6/8/2004,10/1/2004,std,-67.795332,7.229665,Heavy rain,9083.98
6/10/2004,6/21/2004,otsu,-88.719498,43.475162,Heavy rain,764.83
6/20/2004,10/7/2004,std,85.891802,25.498908,Heavy rain,75030.8
6/24/2004,7/20/2004,std,-84.892717,13.113306,Heavy rain,600.89
6/28/2004,6/30/2004,otsu,124.576171,7.377152,Heavy rain,493.68
6/28/2004,6/30/2004,std,104.833562,28.863679,Heavy rain,275.78
6/29/2004,7/13/2004,otsu,121.410242,17.503304,"Tropical Storm, Surge",4770.37
7/5/2004,8/11/2004,std,86.252493,27.086351,Heavy rain,18241.79
7/14/2004,7/27/2004,otsu,110.433067,24.001405,Heavy rain,8118.58
7/17/2004,7/30/2004,std,110.828548,27.875808,Heavy rain,1909.6
7/31/2004,8/13/2004,otsu,124.577333,7.021074,Heavy rain,1283.48
8/6/2004,10/3/2004,std,103.073488,15.397299,Heavy rain,19087.26
8/24/2004,9/12/2004,std,120.754097,15.547408,"Tropical Storm, Surge",1069.4
8/24/2004,10/21/2004,std,105.823877,10.317911,Heavy rain,35937.28
9/15/2004,9/19/2004,std,-92.899794,43.372592,Heavy rain,348.64
9/15/2004,10/1/2004,otsu,-81.966354,28.800636,"Tropical Storm, Surge",7588.46
10/7/2004,10/18/2004,std,89.400194,24.686228,Heavy rain,36804.2
10/7/2004,11/4/2004,otsu,1.223784,6.148203,Heavy rain,597.23
11/15/2004,11/29/2004,std,-97.481761,29.99695,Heavy rain,1423.95
11/7/2004,12/15/2004,std,-57.505862,-26.543492,Heavy rain,14528.12
11/19/2004,11/29/2004,std,123.386648,13.431255,"Tropical Storm, Surge",806.98
11/20/2004,11/27/2004,otsu,-72.364885,8.914445,Heavy rain,3081.33
11/23/2004,11/28/2004,otsu,121.706238,16.388864,"Tropical Storm, Surge",1515.14
11/29/2004,12/22/2004,otsu,121.242952,15.17884,Heavy rain,2774.94
12/6/2004,12/10/2004,std,-60.665987,-27.1808,Heavy rain,1684.08
12/7/2004,12/20/2004,std,-89.570347,33.962964,Heavy rain,13595.85
12/8/2004,12/22/2004,std,150.129614,-29.136849,Heavy rain,3547.81
12/9/2004,1/1/2005,std,51.70111,28.426123,Heavy rain,5626.23
12/10/2004,12/18/2004,std,101.591644,6.271562,Heavy rain,570.59
12/11/2004,12/23/2004,std,81.314727,7.938183,Heavy rain,667.59
1/5/2005,2/1/2005,std,-85.352387,38.210619,Heavy rain,18415.14
1/11/2005,2/10/2005,otsu,104.432036,-3.903543,Heavy rain,3974.07
1/15/2005,2/25/2005,std,-58.038278,6.60784,Heavy rain,286.27
1/27/2005,3/28/2005,otsu,17.166651,-10.734049,Heavy rain,4653.06
2/11/2005,2/26/2005,otsu,-72.964625,7.588343,Heavy rain,12003.33
2/17/2005,3/24/2005,std,26.418711,41.428248,Heavy rain,1529.01
2/19/2005,2/25/2005,otsu,107.602907,-6.958962,Heavy rain,1716.03
3/5/2005,4/5/2005,std,61.854599,30.738361,Heavy rain,3959.43
3/2/2005,3/15/2005,std,48.283399,-17.759816,Heavy rain,1492.03
3/6/2005,3/9/2005,otsu,3.953441,24.211993,Heavy rain,2529.83
3/13/2005,3/25/2005,std,46.294021,32.958879,Heavy rain,11232.16
3/1/2005,4/1/2005,std,31.114588,-10.587124,Heavy rain,5371.33
3/20/2005,3/24/2005,otsu,68.372412,29.518224,Heavy rain,11329.72
4/18/2005,6/4/2005,std,21.212857,45.6965,Heavy rain,1864.06
4/23/2005,6/14/2005,std,43.286087,6.272302,Heavy rain,1465.79
4/25/2005,5/30/2005,std,41.55217,42.648654,Heavy rain,62309.71
5/25/2005,5/28/2005,std,91.64239,24.598004,Heavy rain,5407.34
6/10/2005,6/12/2005,otsu,129.266053,44.319638,Heavy rain,19073.38
6/11/2005,6/17/2005,otsu,120.344936,22.802656,Heavy rain,27.07
6/23/2005,6/30/2005,std,89.11453,25.961407,Heavy rain,2491.27
6/28/2005,7/15/2005,std,73.07388,21.43303,Heavy rain,947.04
6/30/2005,7/3/2005,std,153.288976,-28.519498,Heavy rain,148.25
6/28/2005,7/19/2005,otsu,103.519078,30.676575,Heavy rain,16098.65
6/30/2005,7/2/2005,otsu,126.498861,39.728164,Heavy rain,75.16
7/2/2005,7/15/2005,std,80.199902,24.128785,Heavy rain,964.62
7/1/2005,8/12/2005,std,125.500543,44.562689,Heavy rain,5007.34
7/5/2005,8/14/2005,std,73.563738,30.922991,Heavy rain,13900.74
7/7/2005,7/27/2005,std,87.012599,27.436259,Heavy rain,24136.4
7/12/2005,7/28/2005,std,27.862878,45.764753,Heavy rain,663.35
7/10/2005,7/18/2005,std,115.759987,32.605462,Heavy rain,1479.71
7/16/2005,7/20/2005,std,120.855737,28.120285,"Tropical Storm, Surge",372.85
7/23/2005,8/16/2005,std,79.965416,16.977232,Heavy rain,298.62
7/27/2005,7/30/2005,std,122.905219,10.409698,Heavy rain,249.51
8/13/2005,9/26/2005,otsu,99.369102,19.068486,Heavy rain,59388.68
8/13/2005,8/20/2005,std,123.069642,41.858282,Heavy rain,5224.82
8/21/2005,8/30/2005,std,-98.657793,18.811618,Heavy rain,1922.98
8/26/2005,8/30/2005,std,83.211491,25.885963,Heavy rain,9537.03
8/29/2005,9/19/2005,std,-90.320072,30.191041,"Tropical Storm, Surge",3063.62
8/30/2005,9/3/2005,std,147.09513,-41.553605,Heavy rain,135.01
8/7/2005,9/16/2005,otsu,10.905259,10.665559,Heavy rain,4615.87
9/1/2005,9/4/2005,std,118.553658,28.58392,"Tropical Storm, Surge",1925.06
9/7/2005,9/9/2005,std,4.186194,44.057063,Heavy rain,209.23
9/8/2005,11/1/2005,std,105.734716,10.707097,Heavy rain,36396.37
9/11/2005,9/13/2005,std,120.24229,30.368141,"Tropical Storm, Surge",2859.02
9/14/2005,9/30/2005,std,82.538893,21.113878,Heavy rain,10524.92
9/15/2005,9/27/2005,std,120.982766,15.300986,Heavy rain,587.57
9/16/2005,10/5/2005,std,79.373434,28.197268,Heavy rain,15836.28
9/18/2005,9/24/2005,std,105.54951,18.760138,"Tropical Storm, Surge",3613.48
9/21/2005,10/9/2005,std,27.383339,44.584831,Heavy rain,680.55
9/22/2005,10/11/2005,std,73.473279,21.713895,Heavy rain,3548.35
9/23/2005,10/1/2005,std,-92.997899,29.981597,"Tropical Storm, Surge",5264.33
9/26/2005,10/6/2005,std,110.083434,19.240185,"Tropical Storm, Surge",15552.6
9/25/2005,10/2/2005,std,80.547593,29.293795,Heavy rain,5916.47
9/27/2005,10/7/2005,std,-11.983202,17.04635,Heavy rain,191.44
9/29/2005,10/6/2005,std,109.423486,32.868636,Heavy rain,302.03
10/1/2005,10/16/2005,std,-89.595064,13.979731,"Tropical Storm, Surge",3929.5
10/3/2005,10/6/2005,std,109.083621,34.507343,Heavy rain,29.96
10/3/2005,10/22/2005,std,88.977022,25.640627,Heavy rain,19555.37
10/7/2005,10/11/2005,std,106.82035,17.12569,Heavy rain,3959.03
10/19/2005,10/25/2005,std,-83.328351,22.483386,"Tropical Storm, Surge",6391.44
10/21/2005,10/28/2005,std,87.934687,21.940907,Heavy rain,2128.77
10/23/2005,12/9/2005,std,78.731712,11.780352,Heavy rain,4035.46
11/2/2005,11/4/2005,std,108.217279,15.648431,"Tropical Storm, Surge",2902.9
9/15/2005,12/16/2005,std,-75.310967,8.521163,Heavy rain,6424.41
11/23/2005,1/12/2006,std,100.124152,7.204666,Heavy rain,1035.64
12/22/2005,2/7/2006,otsu,37.168911,-17.236452,Heavy rain,1976.89
12/31/2005,1/18/2006,std,-121.099329,39.493964,Heavy rain,5657.41
1/8/2006,1/12/2006,std,108.21491,-6.381345,Heavy rain,894.81
1/9/2006,1/31/2006,std,116.935775,-23.260295,"Tropical Storm, Surge",5903.29
1/8/2006,2/14/2006,std,-58.662739,6.891823,Heavy rain,516.47
1/26/2006,2/5/2006,std,121.817032,17.01728,Heavy rain,999.16
1/25/2006,4/17/2006,std,-63.425614,-16.033438,Heavy rain,31935.9
1/26/2006,2/14/2006,std,108.592918,-6.8528,Heavy rain,1345.59
2/10/2006,2/18/2006,std,102.536205,4.326207,Heavy rain,586.6
2/16/2006,5/6/2006,std,-79.980717,-2.231688,Heavy rain,1471.95
3/3/2006,3/23/2006,std,114.989428,-27.409953,"Tropical Storm, Surge",3109.59
3/12/2006,3/22/2006,std,-86.419681,38.254008,Heavy rain,1862.72
3/20/2006,4/17/2006,std,145.536342,-17.908641,"Tropical Storm, Surge",12293.91
3/22/2006,6/2/2006,std,-75.597465,5.434769,Heavy rain,9791.93
3/26/2006,3/30/2006,std,24.826774,-27.439685,Heavy rain,615.94
4/4/2006,4/17/2006,std,-120.675334,37.691104,Heavy rain,2173.66
4/29/2006,5/5/2006,std,94.945666,18.367934,"Tropical Storm, Surge",2934.42
5/22/2006,6/11/2006,std,100.149202,18.18105,Heavy rain,5292.64
5/25/2006,5/28/2006,std,-88.585836,36.962812,Heavy rain,146.95
5/31/2006,7/24/2006,std,94.024532,26.599281,Heavy rain,21448.16
6/19/2006,6/23/2006,std,120.107435,-5.166664,Heavy rain,278.11
6/24/2006,8/3/2006,std,83.671273,25.615074,Heavy rain,10858.69
6/25/2006,6/29/2006,otsu,115.489611,-3.285772,Heavy rain,1061.71
6/28/2006,7/8/2006,otsu,105.730409,28.470782,Heavy rain,8020.16
7/4/2006,7/7/2006,otsu,71.309729,22.411409,Heavy rain,6404.96
7/9/2006,7/13/2006,std,69.948565,33.056169,Heavy rain,14.24
7/11/2006,7/13/2006,otsu,128.901206,47.733436,Heavy rain,10664.87
7/11/2006,7/19/2006,std,112.108469,24.003504,"Tropical Storm, Surge",3145.7
7/12/2006,7/14/2006,std,106.524637,50.791203,Heavy rain,1012.58
7/14/2006,7/17/2006,otsu,106.588178,39.035519,Heavy rain,2099.9
7/24/2006,8/22/2006,std,73.199799,34.609786,Heavy rain,5568.05
7/28/2006,9/12/2006,std,73.824174,20.194292,Heavy rain,28468.71
8/1/2006,9/10/2006,std,81.52884,18.104598,Heavy rain,12437.04
8/3/2006,10/11/2006,std,-1.02134,14.421787,Heavy rain,2768.18
8/12/2006,9/2/2006,std,106.149356,17.764156,Heavy rain,4646.76
8/10/2006,11/1/2006,std,104.674574,11.061775,Heavy rain,41258.53
8/20/2006,12/13/2006,std,100.017133,18.76445,Heavy rain,24008.66
8/12/2006,8/21/2006,std,34.275807,1.384461,Heavy rain,972.31
8/26/2006,9/13/2006,std,81.305997,28.694093,Heavy rain,6391.6
8/24/2006,10/10/2006,std,45.444397,3.104364,Heavy rain,134.91
8/29/2006,9/4/2006,std,81.51737,27.585296,Heavy rain,4233.24
8/30/2006,8/31/2006,std,102.681828,34.69552,Heavy rain,465.03
8/31/2006,9/11/2006,std,73.884164,32.886368,Heavy rain,2674.75
9/2/2006,9/7/2006,std,-77.870731,34.74398,"Tropical Storm, Surge",59.13
8/24/2006,9/20/2006,std,89.272707,23.229479,Heavy rain,17824.12
9/16/2006,9/18/2006,std,-107.038656,24.466242,Heavy rain,924.4
11/19/2006,11/21/2006,std,66.125268,32.74227,Heavy rain,38.4
11/30/2006,12/8/2006,std,106.735524,10.329669,Heavy rain,14555.93
12/17/2006,12/20/2006,std,81.662316,6.844545,Heavy rain,17.45
12/26/2006,2/2/2007,std,-75.990348,-9.184872,Heavy rain,2200.2
1/10/2007,1/24/2007,std,125.216707,7.711826,Heavy rain,945.34
1/12/2007,1/16/2007,std,80.946642,6.706132,Heavy rain,86.09
1/10/2007,5/1/2007,std,-61.960201,-16.973776,Heavy rain,31650.84
4/17/2007,4/18/2007,otsu,69.668198,35.270227,Heavy rain,2464.15
4/23/2007,5/4/2007,otsu,70.73155,37.006303,Heavy rain,1840.08
5/1/2007,5/25/2007,std,114.779037,-0.860079,Heavy rain,3178.93
5/2/2007,5/7/2007,std,80.082226,6.494672,Heavy rain,173.43
5/4/2007,5/9/2007,std,96.131258,16.908898,Heavy rain,1917.42
5/6/2007,5/18/2007,std,-95.238199,40.434191,Heavy rain,8025.25
5/4/2007,5/25/2007,std,-55.802561,-32.765868,Heavy rain,7307.52
5/11/2007,5/21/2007,std,100.338679,17.211479,Heavy rain,4265.55
5/15/2007,6/14/2007,std,39.762126,-3.59393,Heavy rain,401.6
5/20/2007,5/21/2007,std,105.414298,26.870875,Heavy rain,199.16
5/19/2007,6/27/2007,std,-75.426149,7.378356,Heavy rain,2975.06
5/15/2007,6/5/2007,std,116.91957,-0.1883,Heavy rain,2506.96
5/24/2007,5/29/2007,std,-98.664531,30.24335,Heavy rain,818.18
5/24/2007,5/26/2007,std,107.778235,30.282138,Heavy rain,106.71
5/22/2007,6/6/2007,std,24.501635,42.523179,Heavy rain,519.65
5/30/2007,6/3/2007,std,-71.053795,19.547861,Heavy rain,100.92
6/6/2007,8/17/2007,std,112.355385,26.292801,Heavy rain,13768.66
6/8/2007,6/13/2007,std,151.375371,-32.865398,Heavy rain,435.42
6/11/2007,6/24/2007,std,91.953546,22.397464,Heavy rain,20493.38
6/7/2007,6/16/2007,std,18.578084,-33.327288,Heavy rain,274.02
6/15/2007,6/21/2007,std,-0.759207,52.523207,Heavy rain,10.23
6/15/2007,6/18/2007,std,85.862693,26.948499,Heavy rain,434.5
6/16/2007,6/20/2007,std,72.225824,34.97581,Heavy rain,100.62
6/16/2007,6/20/2007,std,123.095573,0.617594,Heavy rain,783.27
6/18/2007,6/26/2007,std,94.018895,26.255772,Heavy rain,19694.38
6/22/2007,7/4/2007,std,78.161545,14.944966,Heavy rain,346.16
6/24/2007,7/3/2007,std,71.140741,35.278159,Heavy rain,2085.67
6/25/2007,7/3/2007,std,-0.913693,53.881359,Heavy rain,10.61
6/26/2007,7/20/2007,std,67.90249,25.256271,"Tropical Storm, Surge",6166.82
6/26/2007,7/23/2007,std,-97.165715,32.836626,Heavy rain,4836.03
6/27/2007,7/4/2007,std,146.856476,-37.936133,Heavy rain,943.48
6/27/2007,6/29/2007,std,52.20192,33.753477,Heavy rain,3.4
6/28/2007,7/22/2007,std,71.869938,34.27492,Heavy rain,1284.05
6/30/2007,7/13/2007,std,81.860109,20.053869,Heavy rain,8237.57
7/1/2007,7/6/2007,std,77.523744,21.026348,Heavy rain,20.34
7/1/2007,7/13/2007,std,72.24951,22.023056,Heavy rain,2010.37
7/3/2007,9/22/2007,std,88.487108,22.63148,Heavy rain,53774.05
7/3/2007,10/8/2007,std,33.771445,12.907167,Heavy rain,8620.82
7/6/2007,8/1/2007,std,95.317389,18.52419,Heavy rain,7735.3
7/10/2007,7/13/2007,std,173.92898,-35.805428,Heavy rain,58.87
7/12/2007,10/10/2007,std,95.262997,27.577302,Heavy rain,65675.32
7/14/2007,8/3/2007,std,88.211962,43.090135,Heavy rain,5683.99
7/18/2007,8/13/2007,std,100.163684,24.098428,Heavy rain,6746.66
7/21/2007,10/15/2007,std,91.233643,23.916419,Heavy rain,78785.53
7/21/2007,7/30/2007,std,-2.101931,52.071957,Heavy rain,78.12
7/25/2007,8/2/2007,std,120.198324,-3.279537,Heavy rain,562.6
7/23/2007,10/2/2007,std,84.080127,27.777213,Heavy rain,24980.9
7/27/2007,8/2/2007,std,19.575347,-34.09063,Heavy rain,189.94
7/28/2007,8/1/2007,std,-4.386466,11.453236,Heavy rain,0.0
7/29/2007,10/5/2007,std,34.499977,8.331411,Heavy rain,6193.71
8/3/2007,8/17/2007,std,108.198166,12.342909,Heavy rain,169.61
8/3/2007,8/27/2007,std,86.19782,20.452499,Heavy rain,8791.4
8/4/2007,10/21/2007,std,11.74837,10.292106,Heavy rain,4610.12
8/7/2007,9/5/2007,std,-11.322438,16.546328,Heavy rain,0.24
8/8/2007,8/15/2007,std,70.925042,22.682373,Heavy rain,2705.01
8/9/2007,8/12/2007,std,118.71867,36.36925,Heavy rain,2624.06
8/10/2007,8/13/2007,std,68.825675,26.019152,Heavy rain,1869.41
8/12/2007,8/17/2007,std,76.526785,31.238835,Heavy rain,7275.37
8/12/2007,8/14/2007,std,74.338164,35.951294,Heavy rain,189.38
7/26/2007,10/10/2007,std,0.612005,13.037658,Heavy rain,7621.96
8/9/2007,8/15/2007,std,15.109633,9.644602,Heavy rain,113.47
8/10/2007,8/24/2007,std,105.882012,13.279945,Heavy rain,3137.62
8/14/2007,10/4/2007,std,95.17279,16.962415,Heavy rain,13326.96
8/15/2007,10/31/2007,std,34.275893,0.88127,Heavy rain,2972.41
8/16/2007,8/27/2007,std,-94.637911,36.862195,Heavy rain,2915.02
8/25/2007,10/1/2007,std,19.049369,11.543839,Heavy rain,2089.49
8/31/2007,9/20/2007,std,-13.967824,15.474457,Heavy rain,528.09
9/1/2007,10/4/2007,std,45.426922,2.978113,Heavy rain,42.68
9/4/2007,9/12/2007,std,-98.494275,21.846197,"Tropical Storm, Surge",2066.84
9/5/2007,11/10/2007,std,102.480218,16.81984,Heavy rain,21787.66
9/16/2007,10/7/2007,std,79.877978,15.706741,Heavy rain,3648.08
9/18/2007,9/20/2007,std,14.032553,46.25748,Heavy rain,180.72
9/22/2007,10/8/2007,std,86.403285,20.909634,Heavy rain,9168.95
9/21/2007,9/24/2007,std,5.788494,34.945481,Heavy rain,597.9
9/24/2007,10/2/2007,std,-52.671442,-30.251602,Heavy rain,4410.14
9/28/2007,10/1/2007,std,-97.850589,20.931615,"Tropical Storm, Surge",775.84
10/12/2007,10/26/2007,std,-85.437919,10.984041,Heavy rain,2562.76
10/17/2007,10/24/2007,std,93.970474,24.721405,Heavy rain,12601.89
10/20/2007,11/16/2007,std,105.514427,11.010928,Heavy rain,28630.89
10/1/2007,12/10/2007,std,-74.906313,7.893549,Heavy rain,6429.65
10/25/2007,10/31/2007,std,15.381497,-4.367631,Heavy rain,27.43
10/27/2007,11/2/2007,std,123.381184,13.357486,Heavy rain,369.1
10/27/2007,11/1/2007,std,79.700186,12.725021,Heavy rain,2694.16
10/28/2007,11/10/2007,std,-70.37761,18.877688,"Tropical Storm, Surge",2421.73
10/28/2007,11/9/2007,std,107.359696,16.320817,Heavy rain,5449.02
10/28/2007,12/1/2007,std,-92.412998,17.669263,Heavy rain,4259.02
10/30/2007,11/2/2007,std,3.241937,34.823387,Heavy rain,1071.08
11/15/2007,12/1/2007,std,90.150761,22.610398,"Tropical Storm, Surge",13258.07
11/21/2007,12/16/2007,std,40.249179,-2.153931,Heavy rain,758.4
12/1/2007,12/17/2007,std,145.666659,-26.920707,Heavy rain,403.95
12/11/2007,12/17/2007,std,-71.02997,18.931619,"Tropical Storm, Surge",292.38
12/11/2007,1/3/2008,std,34.356451,-19.063406,Heavy rain,1480.82
12/16/2007,1/1/2008,std,81.39874,7.721921,Heavy rain,407.29
12/15/2007,12/28/2007,std,-65.301452,-17.662221,Heavy rain,3918.99
12/22/2007,12/31/2007,std,148.213152,-30.29325,Heavy rain,674.84
12/25/2007,1/3/2008,std,111.332593,-7.54216,Heavy rain,52.62
1/2/2008,1/6/2008,std,106.827557,-6.224835,Heavy rain,1497.68
1/3/2008,1/9/2008,std,152.869795,-28.442729,Heavy rain,239.23
1/7/2008,1/16/2008,std,81.75742,6.905842,Heavy rain,301.7
1/12/2008,1/26/2008,std,-47.877655,-24.495664,Heavy rain,1664.31
1/14/2008,2/1/2008,std,144.558883,-20.398572,Heavy rain,8951.42
1/15/2008,1/26/2008,std,-1.647855,52.91582,Heavy rain,2063.1
1/30/2008,5/1/2008,std,-79.65779,-1.247285,Heavy rain,7338.32
2/4/2008,5/7/2008,std,-73.012376,-10.111158,Heavy rain,37315.55
2/13/2008,2/26/2008,std,149.539448,-22.464671,Heavy rain,803.4
2/14/2008,3/14/2008,std,107.286313,-6.260593,Heavy rain,1058.46
2/9/2008,5/1/2008,std,23.793937,-14.955531,Heavy rain,30683.33
2/12/2008,3/12/2008,std,125.935234,8.535518,Heavy rain,707.75
2/17/2008,3/5/2008,std,46.898414,-18.692889,"Tropical Storm, Surge",2314.64
2/26/2008,2/28/2008,std,-7.113617,32.110967,Heavy rain,15.82
3/1/2008,4/3/2008,std,112.368479,-7.126871,Heavy rain,1373.8
3/20/2008,4/2/2008,std,37.67228,2.826905,Heavy rain,108.89
3/30/2008,4/22/2008,std,-42.68427,-5.359342,Heavy rain,7354.55
4/11/2008,5/16/2008,otsu,36.457048,-8.546018,Heavy rain,2462.84
4/24/2008,4/27/2008,std,152.547733,-31.891221,Heavy rain,189.28
5/2/2008,5/5/2008,std,113.026318,30.865786,Heavy rain,588.99
5/3/2008,5/22/2008,std,95.971541,16.821377,"Tropical Storm, Surge",8828.35
5/10/2008,5/18/2008,std,124.997828,7.095196,"Tropical Storm, Surge",430.39
5/27/2008,5/28/2008,std,-74.070085,6.634685,Heavy rain,1001.16
5/24/2008,5/28/2008,std,93.754969,26.399977,Heavy rain,1825.83
6/19/2008,6/22/2008,std,29.870449,-30.912895,Heavy rain,402.92
6/24/2008,6/27/2008,std,112.303824,23.542432,"Tropical Storm, Surge",758.45
7/5/2008,7/14/2008,std,90.120056,25.241123,Heavy rain,15148.57
7/6/2008,7/11/2008,std,6.15,35.5,Heavy rain,32.35
7/15/2008,7/16/2008,std,-98.14869,21.359684,Heavy rain,1436.97
7/21/2008,7/29/2008,std,-102.791302,29.795554,"Tropical Storm, Surge",1240.74
7/20/2008,8/8/2008,std,89.78715,27.49945,Heavy rain,17213.18
7/28/2008,7/29/2008,std,120.975437,23.346289,"Tropical Storm, Surge",250.12
7/30/2008,8/11/2008,std,-151.020483,64.276859,Heavy rain,2049.16
7/28/2008,8/8/2008,std,114.4146,32.555928,"Tropical Storm, Surge",7805.32
8/2/2008,8/8/2008,std,15.454963,9.288888,Heavy rain,304.06
8/5/2008,8/11/2008,std,81.380061,16.652289,Heavy rain,260.36
8/9/2008,8/20/2008,std,72.634688,30.738475,Heavy rain,1957.82
8/11/2008,8/20/2008,std,103.661002,17.310893,"Tropical Storm, Surge",4937.1
8/18/2008,9/24/2008,std,84.923215,26.950613,Heavy rain,31158.37
8/20/2008,8/28/2008,std,-82.858657,29.657004,"Tropical Storm, Surge",4147.4
8/20/2008,8/28/2008,std,33.314626,7.584802,Heavy rain,256.03
7/20/2008,8/25/2008,std,18.350292,9.233101,Heavy rain,65.56
9/1/2008,9/2/2008,std,-92.492978,31.341302,"Tropical Storm, Surge",894.07
8/30/2008,9/8/2008,std,90.210026,25.028785,Heavy rain,36459.17
8/30/2008,9/8/2008,std,94.55033,27.044183,Heavy rain,16973.11
9/22/2008,9/29/2008,std,78.938377,30.521816,Heavy rain,15067.74
9/11/2008,10/4/2008,std,103.176582,17.821344,Heavy rain,7870.07
10/14/2008,10/16/2008,std,41.9,4.0,Heavy rain,27.08
11/16/2008,11/20/2008,std,43.05953,0.82945,Heavy rain,99.31
11/12/2008,11/17/2008,std,20.903477,-33.011852,Heavy rain,52.51
11/22/2008,12/4/2008,std,80.799315,8.57029,"Tropical Storm, Surge",521.98
12/13/2008,12/14/2008,std,-74.231814,8.998918,Heavy rain,4704.46
12/13/2008,1/12/2009,std,-58.576642,7.080294,Heavy rain,255.55
12/26/2008,12/28/2008,std,103.139065,-3.329274,Heavy rain,83.22
12/26/2008,1/12/2009,std,34.027698,-22.923757,Heavy rain,702.44
12/28/2008,1/19/2009,otsu,125.039978,8.447826,Heavy rain,1872.05
1/8/2009,1/16/2009,std,-44.891115,-16.596371,Heavy rain,6314.86
1/20/2009,1/27/2009,std,124.958334,7.121116,Heavy rain,977.07
1/26/2009,1/27/2009,std,46.519178,-17.688355,Heavy rain,1221.03
2/2/2009,2/12/2009,std,122.968272,9.897,Heavy rain,453.56
2/7/2009,2/9/2009,std,-6.1614,32.655173,Heavy rain,1590.83
2/1/2009,2/12/2009,std,-70.083294,19.28092,Heavy rain,265.96
2/12/2009,2/16/2009,std,-76.514393,4.36564,Heavy rain,2540.91
2/15/2009,2/17/2009,otsu,14.147469,-9.840357,Heavy rain,755.78
2/1/2009,2/16/2009,otsu,-62.617998,-18.759929,Heavy rain,45041.82
3/4/2009,3/9/2009,std,16.678415,-17.076028,Heavy rain,924.8
3/17/2009,3/19/2009,std,-97.030805,48.249115,Heavy rain,9638.06
4/17/2009,4/27/2009,otsu,-95.515298,29.670077,Heavy rain,986.33
4/22/2009,5/14/2009,std,-142.302224,65.435109,Heavy rain,21752.05
4/20/2009,5/15/2009,std,89.086148,22.163962,Heavy rain,1708.94
6/19/2009,6/22/2009,otsu,-88.641921,13.417883,Heavy rain,1853.18
6/21/2009,6/28/2009,std,23.311965,-16.698427,Heavy rain,7418.45
5/10/2009,7/1/2009,std,104.302485,20.673965,Heavy rain,88773.57
7/3/2009,7/6/2009,std,89.086147,25.256217,Heavy rain,2662.23
7/3/2009,7/6/2009,std,93.821488,27.481004,Heavy rain,2315.32
7/25/2009,8/4/2009,std,125.366552,7.651799,Heavy rain,452.42
8/18/2009,8/27/2009,std,94.142952,26.817651,Heavy rain,7656.3
8/24/2009,8/26/2009,std,-16.8108,14.576204,Heavy rain,31.63
8/10/2009,9/2/2009,std,2.936762,16.454005,Heavy rain,1824.23
9/7/2009,9/10/2009,std,28.950479,41.089986,Heavy rain,480.39
9/10/2009,9/19/2009,std,-95.31119,18.525716,Heavy rain,139.67
9/21/2009,9/28/2009,std,-84.840386,34.364587,Heavy rain,4622.0
9/25/2009,10/12/2009,std,78.232999,15.708107,Heavy rain,6390.48
10/2/2009,10/17/2009,std,121.422102,17.57569,"Tropical Storm, Surge",1588.22
10/4/2009,10/12/2009,std,80.763928,29.81192,Heavy rain,6812.2
10/20/2009,10/26/2009,std,6.509699,5.543563,Heavy rain,448.75
10/26/2009,10/28/2009,std,-56.273697,-25.09294,Heavy rain,3410.61
11/10/2009,11/13/2009,std,-83.746543,35.159532,"Tropical Storm, Surge",4114.93
11/14/2009,11/22/2009,std,-59.049562,-32.991891,Heavy rain,7109.21
11/21/2009,12/8/2009,std,-56.47781,-31.256979,Heavy rain,5007.03
1/1/2010,1/13/2010,std,149.05823,-30.950818,"Tropical Storm, Surge",4502.73
1/4/2010,1/13/2010,std,20.082834,41.466448,Heavy rain,1646.03
1/26/2010,2/13/2010,std,-99.003563,19.943334,Heavy rain,1304.61
2/13/2010,2/20/2010,std,27.338848,41.160287,Heavy rain,2122.63
2/28/2010,3/17/2010,std,147.95605,-26.215529,Heavy rain,18788.12
3/1/2010,3/17/2010,std,27.736857,-16.091808,Heavy rain,16024.65
3/10/2010,3/17/2010,std,-86.379527,32.893941,Heavy rain,244.71
3/27/2010,3/31/2010,std,-74.872978,39.486607,Heavy rain,1284.12
3/27/2010,4/7/2010,std,89.509928,22.152795,Heavy rain,1528.83
4/20/2010,4/22/2010,otsu,21.715692,43.466699,Heavy rain,367.76
4/18/2010,4/21/2010,otsu,91.862265,26.316584,Heavy rain,10214.39
4/17/2010,4/21/2010,otsu,-75.383247,20.262252,Heavy rain,342.22
4/16/2010,4/21/2010,otsu,23.231189,-18.694176,Heavy rain,3384.55
4/16/2010,5/2/2010,otsu,113.972187,-2.681959,Heavy rain,6103.59
5/5/2010,5/6/2010,otsu,44.310369,14.034428,Heavy rain,5.06
5/4/2010,5/14/2010,std,62.2514,34.383924,Heavy rain,983.55
5/15/2010,5/24/2010,std,19.644003,49.773614,Heavy rain,794.77
5/15/2010,6/26/2010,std,93.122627,26.638053,Heavy rain,5013.19
5/15/2010,6/28/2010,otsu,115.482581,26.444151,Heavy rain,14238.23
5/18/2010,5/24/2010,std,79.484382,15.21825,Heavy rain,636.84
5/18/2010,5/24/2010,std,-89.563601,14.075249,"Tropical Storm, Surge",780.46
5/25/2010,5/31/2010,otsu,169.917994,-45.156686,Heavy rain,698.74
5/29/2010,5/31/2010,std,-97.789125,49.875668,Heavy rain,972.84
5/29/2010,6/1/2010,std,125.300141,6.778414,Heavy rain,532.39
5/29/2010,6/11/2010,std,19.797084,49.671561,Heavy rain,2146.74
6/6/2010,6/7/2010,std,67.905172,25.117454,"Tropical Storm, Surge",556.48
6/11/2010,6/11/2010,std,-94.094783,34.577827,Heavy rain,176.45
6/16/2010,6/17/2010,std,6.591342,43.497315,Heavy rain,152.07
6/15/2010,6/26/2010,std,94.010494,22.280362,Heavy rain,5700.96
6/22/2010,6/26/2010,std,-0.981038,7.93162,Heavy rain,287.79
6/22/2010,6/26/2010,std,17.704984,43.987173,Heavy rain,154.37
6/22/2010,6/24/2010,std,72.079166,36.026988,Heavy rain,43.32
6/22/2010,6/30/2010,std,-37.781582,-6.35589,Heavy rain,3169.89
6/25/2010,6/27/2010,std,121.605799,24.949065,Heavy rain,95.85
6/25/2010,6/27/2010,std,-70.392824,19.254472,Heavy rain,128.04
6/30/2010,7/7/2010,std,-100.417006,24.31123,"Tropical Storm, Surge",710.03
7/2/2010,7/6/2010,std,-103.835803,51.865714,Heavy rain,2128.33
7/5/2010,7/15/2010,std,74.778484,30.18952,Heavy rain,8292.02
7/6/2010,7/13/2010,std,97.128233,39.486607,Heavy rain,2266.39
7/1/2010,7/15/2010,std,113.171066,28.005572,Heavy rain,3767.15
7/1/2010,7/13/2010,std,90.035505,23.994863,Heavy rain,12486.48
7/7/2010,7/23/2010,std,115.885692,29.138367,Heavy rain,4603.14
7/21/2010,7/23/2010,std,114.010074,22.673269,"Tropical Storm, Surge",156.02
7/23/2010,8/3/2010,std,111.073863,31.577449,Heavy rain,11148.92
7/27/2010,11/15/2010,std,73.257885,33.363388,Heavy rain,10043.2
7/27/2010,8/8/2010,std,13.995334,51.467705,Heavy rain,308.81
8/15/2010,10/6/2010,std,-92.249999,17.909999,"Tropical Storm, Surge",5849.91
9/5/2010,9/17/2010,std,92.250001,26.234999,Heavy rain,9040.6
8/15/2010,9/17/2010,std,14.625001,11.384999,Heavy rain,3855.19
9/9/2010,9/30/2010,std,89.640001,25.424999,Heavy rain,33610.25
9/18/2010,9/30/2010,std,82.845001,26.729999,Heavy rain,13151.71
9/18/2010,9/30/2010,std,-87.569999,14.399999,"Tropical Storm, Surge",4309.52
9/22/2010,9/30/2010,std,-90.179999,44.009999,Heavy rain,1441.56
9/20/2010,9/30/2010,std,100.350001,14.444999,Heavy rain,4074.6
10/2/2010,10/6/2010,std,132.810984,-1.223516,Heavy rain,44.99
10/1/2010,10/12/2010,std,91.035001,24.209999,"Tropical Storm, Surge",28787.18
10/15/2010,10/19/2010,std,144.270001,-30.555001,Heavy rain,1519.53
10/10/2010,11/15/2010,std,102.195001,15.029999,Heavy rain,13846.49
10/1/2010,11/5/2010,std,15.210001,11.204999,Heavy rain,2943.98
11/5/2010,11/11/2010,std,-0.809999,8.279999,Heavy rain,2509.53
11/15/2010,12/20/2010,std,-72.960369,4.113507,Heavy rain,11402.87
11/27/2010,12/20/2010,std,147.387935,-29.83844,Heavy rain,14040.54
11/25/2010,12/20/2010,std,-66.938458,9.776458,Heavy rain,2918.84
12/3/2010,12/17/2010,std,21.469658,40.106682,Heavy rain,1522.13
1/1/2011,1/18/2011,std,125.5658,8.132642,Heavy rain,621.9
1/28/2011,1/31/2011,std,175.63358,-36.61705,"Tropical Storm, Surge",32.04
1/30/2011,1/31/2011,otsu,-64.041828,-21.090969,Heavy rain,24211.63
2/1/2011,2/14/2011,otsu,80.534153,8.513158,Heavy rain,660.8
2/1/2011,2/4/2011,std,124.865345,7.095271,Heavy rain,417.36
2/1/2011,2/16/2011,std,28.078344,-29.502452,Heavy rain,201.89
2/14/2011,2/26/2011,std,-65.599682,-16.465923,Heavy rain,650.66
3/7/2011,3/28/2011,std,146.657688,-19.789652,Heavy rain,15132.11
3/11/2011,3/11/2011,std,140.823207,37.802184,"Tropical Storm, Surge",228.76
3/22/2011,3/28/2011,std,147.327051,-41.421667,Heavy rain,145.79
3/23/2011,4/10/2011,std,99.277049,8.666488,Heavy rain,1158.19
5/8/2011,5/11/2011,std,-40.119065,-9.679788,Heavy rain,2329.55
5/4/2011,6/9/2011,std,-73.014084,45.626388,Heavy rain,398.77
6/5/2011,6/21/2011,std,125.208244,8.306337,Heavy rain,763.67
7/21/2011,7/29/2011,std,89.046349,22.564135,Heavy rain,3653.32
7/23/2011,7/29/2011,std,-52.640299,-30.342984,Heavy rain,3197.24
8/5/2011,1/9/2012,std,102.822185,17.0382,"Tropical Storm, Surge",30107.74
8/10/2011,11/15/2011,std,105.501152,12.004283,"Tropical Storm, Surge",30408.61
8/15/2011,10/2/2011,std,86.242215,26.375467,Heavy rain,19633.46
8/15/2011,9/8/2011,std,92.181547,26.589671,Heavy rain,7554.41
8/12/2011,11/1/2011,std,69.066891,25.012345,Heavy rain,27621.07
8/27/2011,9/13/2011,std,-74.062065,40.186216,"Tropical Storm, Surge",1073.0
8/20/2011,9/8/2011,std,33.667825,1.660439,Heavy rain,659.03
8/25/2011,9/13/2011,std,73.953105,22.30208,Heavy rain,1140.43
9/5/2011,10/2/2011,std,86.002162,20.651119,Heavy rain,8508.44
9/28/2011,10/2/2011,otsu,121.54776,17.342998,"Tropical Storm, Surge",647.95
10/1/2011,10/10/2011,std,109.004871,22.247992,"Tropical Storm, Surge",175.03
10/8/2011,10/10/2011,otsu,27.971908,39.104531,Heavy rain,495.48
10/10/2011,11/1/2011,std,-100.833256,18.280192,"Tropical Storm, Surge",7274.42
10/26/2011,10/29/2011,otsu,-0.945865,5.584658,Heavy rain,81.18
11/9/2011,11/15/2011,std,40.167169,2.180851,Heavy rain,9.24
11/9/2011,12/20/2011,std,34.383649,2.570315,Heavy rain,1776.05
11/9/2011,12/22/2011,std,-73.939857,4.640889,Heavy rain,6265.77
11/27/2011,11/30/2011,otsu,100.378,1.698541,Heavy rain,533.66
11/27/2011,12/22/2011,otsu,149.372327,-29.458424,Heavy rain,17497.72
11/27/2011,12/2/2011,otsu,30.06063,-29.208414,Heavy rain,362.77
11/29/2011,12/22/2011,otsu,36.116761,0.385821,Heavy rain,1391.2
12/16/2011,12/22/2011,otsu,124.875163,8.526491,"Tropical Storm, Surge",2228.64
12/20/2011,12/22/2011,std,39.037723,-6.917042,Heavy rain,40.58
12/18/2011,1/4/2012,otsu,110.236252,-7.379525,Heavy rain,2609.39
1/1/2012,1/9/2012,otsu,99.423816,8.772281,Heavy rain,2085.11
1/1/2012,1/9/2012,otsu,-43.489292,-19.463714,Heavy rain,3135.71
1/17/2012,2/14/2012,otsu,34.072072,-21.451324,"Tropical Storm, Surge",2788.23
1/22/2012,2/6/2012,otsu,178.075692,-17.784045,Heavy rain,45.24
1/22/2012,3/7/2012,std,146.646094,-21.717611,Heavy rain,31820.97
1/27/2012,1/29/2012,otsu,112.50974,-7.482774,Heavy rain,401.33
2/3/2012,2/6/2012,std,21.005618,39.867742,Heavy rain,26.41
2/12/2012,2/14/2012,otsu,106.658074,-6.318737,Heavy rain,2269.68
2/20/2012,2/27/2012,otsu,125.264627,8.223924,Heavy rain,1300.6
2/20/2012,2/27/2012,otsu,12.807442,9.859668,Heavy rain,769.61
2/20/2012,2/27/2012,std,103.415798,-2.585677,Heavy rain,945.53
2/25/2012,2/27/2012,otsu,8.698624,35.116281,Heavy rain,1426.0
3/4/2012,3/7/2012,std,34.461539,31.458294,Heavy rain,1618.48
3/1/2012,3/26/2012,std,-79.495063,-0.5987,Heavy rain,4324.21
3/26/2012,3/30/2012,std,123.278367,13.628836,Heavy rain,258.21
4/8/2012,4/26/2012,std,-72.582111,19.443322,Heavy rain,179.25
4/9/2012,4/26/2012,std,36.214118,-2.441234,Heavy rain,2867.43
4/5/2012,4/26/2012,std,-59.272208,-23.646697,Heavy rain,2762.37
5/1/2012,5/7/2012,std,-62.022799,-3.649082,Heavy rain,7662.59
5/20/2012,5/29/2012,std,157.950235,68.00087,Heavy rain,11429.16
7/13/2012,7/16/2012,std,-95.808654,29.578033,Heavy rain,718.66
8/3/2012,8/6/2012,std,82.321565,19.439848,Heavy rain,92.71
8/4/2012,8/6/2012,otsu,-2.593343,55.574626,Heavy rain,403.83
8/3/2012,8/6/2012,otsu,122.594372,40.519484,"Tropical Storm, Surge",507.2
8/14/2012,8/20/2012,otsu,103.729817,31.160222,Heavy rain,2224.44
8/16/2012,8/20/2012,std,82.796221,20.985523,Heavy rain,4.63
8/12/2012,8/20/2012,std,135.556159,34.616699,Heavy rain,111.75
8/24/2012,8/29/2012,std,-15.494274,14.462036,Heavy rain,124.4
8/23/2012,8/29/2012,std,73.522165,35.030504,Heavy rain,1043.72
8/25/2012,8/29/2012,std,106.115278,37.391616,Heavy rain,1079.77
8/25/2012,9/26/2012,std,12.10885,9.301664,Heavy rain,6957.81
8/28/2012,9/7/2012,std,-89.346018,30.503005,"Tropical Storm, Surge",2717.37
8/17/2012,9/7/2012,std,126.245599,38.194882,"Tropical Storm, Surge",318.75
8/20/2012,9/7/2012,std,32.726004,2.656467,Heavy rain,671.88
8/15/2012,9/7/2012,std,35.829521,1.366374,Heavy rain,1177.04
9/2/2012,9/7/2012,otsu,-16.151491,13.409272,Heavy rain,1345.69
9/16/2012,9/18/2012,otsu,76.85692,31.306274,Heavy rain,22198.9
9/10/2012,10/29/2012,std,68.775576,28.044522,Heavy rain,13693.72
9/12/2012,9/26/2012,otsu,99.640458,17.090901,Heavy rain,19058.66
9/7/2012,10/3/2012,std,29.585968,9.569418,Heavy rain,1660.81
9/22/2012,10/3/2012,std,44.896686,4.944556,Heavy rain,56.18
9/15/2012,10/15/2012,std,2.956491,14.315988,Heavy rain,1315.67
9/15/2012,10/15/2012,otsu,20.506625,11.078585,Heavy rain,7381.26
11/4/2012,11/8/2012,std,78.804243,11.828347,"Tropical Storm, Surge",1749.85
12/4/2012,12/4/2012,std,124.468671,7.987227,"Tropical Storm, Surge",370.31
12/2/2012,12/4/2012,std,28.709678,39.509315,Heavy rain,1040.52
11/20/2012,12/4/2012,std,-59.625194,-27.5025,Heavy rain,4288.57
11/20/2012,12/18/2012,otsu,-1.193707,53.456925,Heavy rain,14594.41
1/3/2013,1/10/2013,std,121.883077,-3.867021,Heavy rain,336.61
1/4/2013,1/10/2013,std,125.30844,7.256988,Heavy rain,333.24
1/4/2013,1/10/2013,std,-76.457258,-9.282979,Heavy rain,360.75
1/8/2013,1/10/2013,std,36.450233,32.839777,Heavy rain,974.6
1/13/2013,1/22/2013,std,106.729879,-6.179453,Heavy rain,211.5
1/13/2013,1/17/2013,std,36.51717,0.058024,Heavy rain,2264.08
1/17/2013,3/4/2013,std,32.67733,-24.800608,Heavy rain,2600.52
1/22/2013,2/1/2013,std,144.818063,-19.372479,"Tropical Storm, Surge",6563.26
1/15/2013,2/1/2013,std,25.064564,-20.376563,Heavy rain,3634.25
12/1/2012,2/12/2013,std,144.477319,-5.887359,Heavy rain,1580.7
2/20/2013,3/4/2013,std,104.265313,-2.41871,Heavy rain,2.63
3/1/2013,3/17/2013,std,22.624352,-17.814634,Heavy rain,12528.41
5/1/2013,5/16/2013,std,43.655301,2.169639,Heavy rain,166.64
7/4/2013,7/15/2013,std,-57.65355,-24.146038,Heavy rain,6681.15
8/1/2013,8/7/2013,std,70.637704,32.814392,Heavy rain,9718.41
8/1/2013,8/7/2013,std,128.424146,50.004265,Heavy rain,6419.45
8/7/2013,8/21/2013,std,69.106502,28.740393,Heavy rain,16475.14
8/7/2013,10/14/2013,std,130.272429,50.532277,Heavy rain,64044.37
9/27/2013,10/14/2013,std,105.083548,12.658027,Heavy rain,22300.37
9/30/2013,10/14/2013,std,101.693689,13.081862,Heavy rain,24193.43
10/8/2013,10/14/2013,std,28.824089,7.737242,Heavy rain,1536.46
10/12/2013,11/10/2013,std,85.932081,24.717423,Heavy rain,12851.34
10/31/2013,11/10/2013,std,-98.011079,30.660662,Heavy rain,260.07
11/8/2013,11/19/2013,std,57.427572,21.681893,"Tropical Storm, Surge",245.04
12/27/2013,2/7/2014,otsu,-1.511439,53.273185,Heavy rain,16176.88
12/22/2013,1/4/2014,std,-86.789903,37.559702,Heavy rain,2675.95
1/10/2014,5/1/2014,std,-64.013513,-13.388781,Heavy rain,45778.21
3/24/2014,3/30/2014,std,150.116713,-26.241474,Heavy rain,692.73
4/18/2014,5/1/2014,std,38.968923,-7.193015,Heavy rain,1435.13
5/10/2014,5/16/2014,std,38.944179,-7.664354,Heavy rain,1014.86
5/30/2014,6/10/2014,otsu,113.34169,23.265167,Heavy rain,3992.29
6/3/2014,7/14/2014,std,-53.547014,-24.354116,Heavy rain,29001.32
6/17/2014,6/25/2014,std,124.729885,6.771897,Heavy rain,592.67
6/23/2014,6/25/2014,std,94.716023,27.811455,Heavy rain,201.58
7/11/2014,7/14/2014,std,99.738953,19.82582,Heavy rain,188.65
7/5/2014,7/14/2014,std,174.068419,-35.698936,Heavy rain,197.18
5/22/2014,7/29/2014,std,-59.559684,-2.929344,Heavy rain,36389.93
7/3/2014,7/29/2014,std,-58.025587,-32.346689,Heavy rain,13321.4
8/11/2014,9/8/2014,std,79.758579,27.385201,Heavy rain,7702.74
8/14/2014,9/8/2014,std,86.253746,26.179465,Heavy rain,7580.46
8/13/2014,8/19/2014,std,6.40648,16.327289,Heavy rain,312.32
8/15/2014,9/8/2014,std,94.654164,27.613202,Heavy rain,13152.95
8/20/2014,9/8/2014,std,90.633346,24.566128,Heavy rain,25826.52
9/1/2014,10/11/2014,std,75.341864,33.944858,Heavy rain,6367.43
9/1/2014,9/8/2014,std,100.456514,16.403907,Heavy rain,1247.48
9/21/2014,10/11/2014,std,32.906766,6.941732,Heavy rain,924.12
9/24/2014,10/11/2014,std,92.489108,26.746527,Heavy rain,17583.32
9/19/2014,10/11/2014,std,121.612204,14.657501,"Tropical Storm, Surge",887.37
10/18/2014,10/27/2014,std,-98.431718,21.784523,"Tropical Storm, Surge",1579.96
10/12/2014,10/27/2014,std,79.69672,18.447297,"Tropical Storm, Surge",8353.39
10/19/2014,10/22/2014,std,-16.532883,28.278193,Heavy rain,144.17
10/24/2014,11/16/2014,std,45.253771,4.134278,Heavy rain,717.7
11/7/2014,11/16/2014,std,99.516261,8.024092,Heavy rain,283.31
12/4/2014,12/14/2014,std,27.710632,41.457879,Heavy rain,4068.64
12/11/2014,12/14/2014,std,-123.100985,39.796732,Heavy rain,628.81
12/20/2014,1/1/2015,std,80.983382,7.909725,Heavy rain,591.71
12/20/2014,1/1/2015,std,102.163815,4.725076,Heavy rain,348.14
12/10/2014,1/1/2015,std,124.903089,8.656083,"Tropical Storm, Surge",1079.36
1/5/2015,1/11/2015,std,127.055774,-19.187214,Heavy rain,4118.26
1/1/2015,2/9/2015,std,35.356372,-18.794576,Heavy rain,3777.23
1/5/2015,2/9/2015,std,-63.766078,-16.463788,Heavy rain,1390.48
2/1/2015,2/9/2015,std,26.597174,41.457083,Heavy rain,4129.96
2/5/2015,2/9/2015,std,122.861751,0.686073,Heavy rain,527.43
1/5/2015,2/9/2015,std,45.921846,-19.667487,"Tropical Storm, Surge",1896.77
2/20/2015,2/24/2015,std,-65.844532,-11.504221,Heavy rain,1433.98
2/22/2015,2/24/2015,std,135.715998,-18.200011,"Tropical Storm, Surge",1849.6
2/20/2015,2/24/2015,std,-69.803492,19.328489,Heavy rain,176.98
3/10/2015,3/23/2015,std,-86.233174,37.026804,Heavy rain,2767.77
3/15/2015,3/23/2015,std,108.399177,-6.55868,Heavy rain,977.53
3/9/2015,3/23/2015,std,13.681068,-8.816642,Heavy rain,466.91
3/20/2015,3/31/2015,std,76.405834,33.17674,Heavy rain,582.26
3/5/2015,4/15/2015,std,47.010559,-18.155697,Heavy rain,2903.78
5/17/2015,5/21/2015,std,79.177106,10.712137,Heavy rain,284.39
5/15/2015,6/2/2015,std,81.527738,58.190103,Heavy rain,54174.15
6/2/2015,6/29/2015,std,93.874744,26.919545,Heavy rain,6518.62
6/24/2015,6/29/2015,std,70.764317,21.873364,Heavy rain,178.52
7/15/2015,8/19/2015,std,72.27367,34.343166,Heavy rain,4892.08
7/18/2015,7/21/2015,otsu,-83.16498,38.388691,Heavy rain,1036.33
7/16/2015,7/21/2015,std,-58.743148,6.665761,Heavy rain,44.01
7/10/2015,7/21/2015,otsu,-50.750999,-25.568947,Heavy rain,6374.47
7/25/2015,8/5/2015,std,106.86508,20.813733,Heavy rain,665.51
7/15/2015,8/19/2015,std,82.616452,26.20738,"Tropical Storm, Surge",22632.02
7/15/2015,8/19/2015,std,95.532558,20.174691,Heavy rain,4388.13
8/13/2015,9/11/2015,std,93.751026,26.894603,Heavy rain,12696.49
9/7/2015,9/11/2015,std,104.761883,20.566882,Heavy rain,1007.61
8/30/2015,9/11/2015,std,11.528384,9.952668,Heavy rain,1179.25
10/22/2015,10/28/2015,std,121.241052,16.691018,"Tropical Storm, Surge",1205.14
10/14/2015,10/28/2015,std,-53.571757,-29.956828,Heavy rain,10859.78
10/24/2015,10/28/2015,std,30.481903,31.042172,Heavy rain,2571.4
10/2/2015,10/8/2015,std,-73.832354,22.491628,"Tropical Storm, Surge",1626.34
11/10/2015,12/4/2015,std,78.855441,11.827777,"Tropical Storm, Surge",2365.66
12/15/2015,1/29/2016,std,-91.082899,35.665762,Heavy rain,33233.64
12/1/2015,1/29/2016,std,-55.848159,-26.036936,Heavy rain,35250.91
12/1/2015,1/6/2016,std,39.51328,-2.036427,Heavy rain,277.87
12/12/2015,1/6/2016,std,121.22868,12.835664,"Tropical Storm, Surge",2019.24
12/5/2015,1/26/2016,otsu,-2.774857,54.986812,Heavy rain,17313.55
1/15/2016,1/29/2016,std,-43.228975,-22.522713,Heavy rain,187.3
1/14/2016,1/29/2016,std,35.504833,-4.761681,Heavy rain,3616.46
1/5/2016,1/29/2016,std,-56.442003,-17.955485,Heavy rain,6264.35
1/19/2016,1/29/2016,std,-79.700891,-0.786333,Heavy rain,1277.72
1/27/2016,1/29/2016,std,145.712371,-41.858015,Heavy rain,66.97
1/27/2016,1/29/2016,std,-3.837328,55.183358,Heavy rain,703.41
1/18/2016,3/10/2016,std,103.351503,-2.465434,Heavy rain,2724.28
3/6/2016,3/10/2016,std,21.054631,44.67104,Heavy rain,439.94
2/28/2016,3/10/2016,std,-64.929023,-12.842969,Heavy rain,330.19
3/8/2016,3/25/2016,std,-96.10583,30.908557,Heavy rain,10794.4
3/12/2016,4/13/2016,std,71.7788,33.054515,Heavy rain,1125.88
3/5/2016,3/25/2016,std,-63.122747,-28.563259,Heavy rain,10232.03
4/1/2016,4/13/2016,std,-58.223535,-31.143073,Heavy rain,16886.36
4/12/2016,5/11/2016,std,-56.194568,-32.434709,Heavy rain,22756.05
4/20/2016,5/1/2016,std,95.606788,27.463976,Heavy rain,7337.34
4/22/2016,5/30/2016,std,35.999703,-6.894272,Heavy rain,3266.74
5/26/2016,6/24/2016,std,-95.536729,30.857441,Heavy rain,3333.85
6/17/2016,6/24/2016,std,110.032248,-7.476875,Heavy rain,1002.7
6/1/2016,8/16/2016,std,95.260379,18.315771,Heavy rain,10414.75
6/30/2016,7/6/2016,std,34.242915,12.519849,Heavy rain,59.24
7/18/2016,7/19/2016,std,101.075102,5.172299,Heavy rain,134.75
7/7/2016,8/3/2016,std,80.83492,22.810744,Heavy rain,3698.86
7/25/2016,8/3/2016,std,32.288179,-27.594955,Heavy rain,473.28
7/25/2016,8/26/2016,std,90.039502,24.095044,Heavy rain,37798.41
7/30/2016,7/31/2016,std,-77.214169,39.333933,Heavy rain,5.11
8/14/2016,8/26/2016,std,-91.800461,29.9879,Heavy rain,1179.92
8/15/2016,8/26/2016,std,96.868707,26.347448,Heavy rain,1823.59
9/14/2016,9/22/2016,std,5.095075,15.485015,Heavy rain,84.6
10/6/2016,10/16/2016,std,100.394655,14.866708,Heavy rain,2416.57
10/10/2016,11/10/2016,std,-55.669729,-34.663688,Heavy rain,13261.25
12/1/2016,12/7/2016,std,100.753436,14.444781,Heavy rain,2958.0
12/26/2016,1/5/2017,std,-59.807119,-33.770758,Heavy rain,7602.03
12/25/2016,1/5/2017,std,133.489083,-21.521533,Heavy rain,5168.7
12/31/2016,2/7/2017,std,100.060618,7.304939,Heavy rain,1137.85
1/4/2017,1/5/2017,std,-122.457654,39.623615,Heavy rain,828.57
1/5/2017,1/21/2017,std,-55.551237,-29.409362,Heavy rain,7941.87
1/1/2017,2/7/2017,std,34.515093,-20.777836,Heavy rain,802.68
2/16/2017,3/3/2017,std,-120.824584,38.803959,Heavy rain,6169.11
3/13/2017,3/22/2017,std,150.760044,-31.695612,Heavy rain,847.66
3/9/2017,3/22/2017,std,17.046184,-20.569767,Heavy rain,801.58
3/28/2017,4/8/2017,otsu,148.68159,-21.974973,"Tropical Storm, Surge",3898.29
3/30/2017,4/18/2017,otsu,90.682833,24.317835,Heavy rain,7006.88
4/5/2017,4/21/2017,std,176.790204,-38.204246,Heavy rain,148.32
4/5/2017,4/21/2017,std,-67.938778,-45.953281,"Tropical Storm, Surge",1418.57
4/5/2017,4/21/2017,std,-62.627877,-27.423069,Heavy rain,15648.64
5/8/2017,5/15/2017,std,37.880209,-2.878787,Heavy rain,904.06
6/2/2017,7/3/2017,std,94.938714,27.613121,Heavy rain,5973.76
6/12/2017,6/14/2017,std,125.249498,7.76344,Heavy rain,608.6
8/4/2017,8/21/2017,std,-67.52709,7.835109,Heavy rain,10384.01
7/27/2017,8/10/2017,std,88.084765,22.906125,Heavy rain,3613.38
8/2/2017,8/10/2017,std,105.157778,21.65766,Heavy rain,205.2
7/25/2017,7/29/2017,std,9.920057,52.994591,Heavy rain,131.25
8/10/2017,8/26/2017,std,79.076049,28.16566,Heavy rain,22260.03
8/10/2017,8/26/2017,std,90.014758,24.591169,Heavy rain,30764.22
8/23/2017,8/26/2017,std,114.138854,22.385119,"Tropical Storm, Surge",202.12
9/8/2017,9/19/2017,std,-81.625156,28.594245,"Tropical Storm, Surge",9990.79
1/13/2018,1/22/2018,std,-57.598762,-25.311985,Heavy rain,3289.3
2/1/2018,2/21/2018,std,-63.246465,-24.484188,Heavy rain,20331.19
2/10/2018,2/21/2018,std,-64.013513,-14.405328,Heavy rain,2013.86
3/5/2018,3/26/2018,std,145.217501,-17.015232,Heavy rain,2711.07
2/26/2018,3/2/2018,std,22.53924,39.686804,Heavy rain,571.86
3/5/2018,3/6/2018,std,118.568754,-8.497488,Heavy rain,10.82
3/1/2018,3/14/2018,std,16.006957,-11.247113,Heavy rain,13433.76
3/21/2018,3/24/2018,std,-121.121506,37.911751,Heavy rain,988.7
3/16/2018,3/23/2018,std,47.827095,-16.669172,"Tropical Storm, Surge",994.21
4/3/2018,4/8/2018,std,-88.11368,38.292104,Heavy rain,1883.74
3/25/2018,4/8/2018,std,26.671405,41.531705,Heavy rain,2818.83
4/28/2018,5/1/2018,std,29.640624,-4.014862,Heavy rain,1792.27
4/23/2018,4/25/2018,std,30.011777,-1.783994,Heavy rain,1424.82
6/15/2018,6/20/2018,otsu,93.8747,21.9855,Heavy rain,5176.24
6/25/2018,7/11/2018,std,75.1439,33.3752,Heavy rain,2104.94
7/3/2018,7/11/2018,std,72.5706,33.3024,Heavy rain,2131.48
7/17/2018,7/23/2018,std,104.477,11.9888,"Tropical Storm, Surge",742.49
7/17/2018,7/23/2018,otsu,105.925,21.1736,"Tropical Storm, Surge",1850.43
7/11/2018,7/19/2018,std,91.4251,47.6723,Heavy rain,13803.49
7/26/2018,9/4/2018,std,-68.2941,2.75369,Heavy rain,6205.09
8/2/2018,8/10/2018,otsu,94.1222,27.2914,Heavy rain,24544.67
7/15/2018,8/10/2018,otsu,95.4336,18.1914,Heavy rain,6465.2
8/20/2018,10/2/2018,otsu,8.2375,10.4748,Heavy rain,8403.28
9/1/2018,9/7/2018,otsu,82.4309,25.7354,Heavy rain,12989.15
9/15/2018,10/2/2018,std,-78.9091,35.0642,"Tropical Storm, Surge",437.99
10/23/2018,10/27/2018,std,-105.236,23.7218,"Tropical Storm, Surge",2720.37
10/29/2018,11/7/2018,otsu,-57.0853,-25.3427,Heavy rain,10019.87
11/24/2018,11/29/2018,std,107.137,11.491,"Tropical Storm, Surge",6467.41
12/5/2018,12/10/2018,std,-120.058,35.7787,Heavy rain,2475.92
